name,execute
help,View all !commands here: https://tinyurl.com/CircuitAZTwitchCommands
commands,View all !commands here: https://tinyurl.com/CircuitAZTwitchCommands
prime,Find out how to link your Amazon Prime account to Twitch and get a free Twitch Prime subscription: https://bit.ly/2WpXUxB
juheun,"Hailing from the stark and unyielding deserts of the United States, Juheun emerges from the dust with mind warping, forward thinking techno. Constantly searching for a perfect balance between analog gear and the newest technology, he blurs the lines between the past and the future to create a modern and dynamic sound."
juheun bio,"Hailing from the stark and unyielding deserts of the United States, Juheun emerges from the dust with mind warping, forward thinking techno. Constantly searching for a perfect balance between analog gear and the newest technology, he blurs the lines between the past and the future to create a modern and dynamic sound."
juheun label,Juheun is on Octopus Recordings: https://www.octopusrecordings.com/juheun
juheun facebook,Follow Juheun on Facebook: https://facebook.com/JuheunMusic
juheun website,Visit Juheun's website: https://juheun.com
juheun twitter,Follow Juheun on Twitter: https://twitter.com/JuheunMusic
juheun instagram,Follow Juheun on Instagram: https://instagram.com/JuheunMusic
juheun twitch,Follow Juheun on Twitch: https://twitch.tv/JuheunMusic
juheun soundcloud,Follow Juheun on Soundcloud: https://soundcloud.com/Juheun
juheun spotify,Follow Juheun on Spotify: https://open.spotify.com/artist/2lWFY2i6iV4pN87zPK19wJ
juheun discord,Join Juheun's Discord server: https://discord.gg/4w9zKM6
juheun ra,Juheun on Resident Advisor: https://www.residentadvisor.net/dj/juheun
juheun resident advisor,Juheun on Resident Advisor: https://www.residentadvisor.net/dj/juheun
juheun resident-advisor,Juheun on Resident Advisor: https://www.residentadvisor.net/dj/juheun
juheun discogs,Juheun on Discogs: https://www.discogs.com/artist/3247820-juheun
juheun beatport,Follow Juheun on Beatport: https://www.beatport.com/artist/juheun/198721
juheun mixcloud,Follow Juheun on Mixcloud: https://www.mixcloud.com/Juheun/
michelle sparks label,Michelle Sparks is on Octopus Recordings: https://www.OctopusRecordings.com
michelle sparks website,Visit Michelle Sparks' website: https://www.michelle-sparks.com/
michelle sparks facebook,Follow Michelle Sparks on Facebook: https://facebook.com/MichelleSparksOfficial
michelle sparks twitter,Follow Michelle Sparks on Twitter: https://twitter.com/mlsparks
michelle sparks instagram,Follow Michelle Sparks on Instagram: https://instagram.com/mlsparks
michelle sparks twitch,Follow Michelle Sparks on Twitch: https://twitch.tv/MichelleSparks
michelle sparks soundcloud,Follow Michelle Sparks on Soundcloud: https://soundcloud.com/mssparks
michelle sparks spotify,Follow Michelle Sparks on Spotify: https://open.spotify.com/artist/0g3jZzb2g2m4KoI5Mfsbux
michelle sparks ra,Michelle Sparks on Resident Advisor: https://www.residentadvisor.net/dj/michellesparks-us
michelle sparks resident advisor,Michelle Sparks on Resident Advisor: https://www.residentadvisor.net/dj/michellesparks-us
michelle sparks resident-advisor,Michelle Sparks on Resident Advisor: https://www.residentadvisor.net/dj/michellesparks-us
michelle sparks beatport,Follow Michelle Sparks on Beatport: https://www.beatport.com/artist/michelle-sparks/387623
michelle sparks mixcloud,Follow Michelle Sparks on Mixcloud: https://www.mixcloud.com/MichelleSparks/
michelle label,Michelle Sparks is on Octopus Recordings: https://www.OctopusRecordings.com
michelle website,Visit Michelle Sparks' website: https://www.michelle-sparks.com/
michelle facebook,Follow Michelle Sparks on Facebook: https://facebook.com/MichelleSparksOfficial
michelle twitter,Follow Michelle Sparks on Twitter: https://twitter.com/mlsparks
michelle instagram,Follow Michelle Sparks on Instagram: https://instagram.com/mlsparks
michelle twitch,Follow Michelle Sparks on Twitch: https://twitch.tv/MichelleSparks
michelle soundcloud,Follow Michelle Sparks on Soundcloud: https://soundcloud.com/mssparks
michelle spotify,Follow Michelle Sparks on Spotify: https://open.spotify.com/artist/0g3jZzb2g2m4KoI5Mfsbux
michelle ra,Michelle Sparks on Resident Advisor: https://www.residentadvisor.net/dj/michellesparks-us
michelle resident advisor,Michelle Sparks on Resident Advisor: https://www.residentadvisor.net/dj/michellesparks-us
michelle resident-advisor,Michelle Sparks on Resident Advisor: https://www.residentadvisor.net/dj/michellesparks-us
michelle beatport,Follow Michelle Sparks on Beatport: https://www.beatport.com/artist/michelle-sparks/387623
michelle mixcloud,Follow Michelle Sparks on Mixcloud: https://www.mixcloud.com/MichelleSparks/
michelle-sparks label,Michelle Sparks is on Octopus Recordings: https://www.OctopusRecordings.com
michelle-sparks website,Visit Michelle Sparks' website: https://www.michelle-sparks.com/
michelle-sparks facebook,Follow Michelle Sparks on Facebook: https://facebook.com/MichelleSparksOfficial
michelle-sparks twitter,Follow Michelle Sparks on Twitter: https://twitter.com/mlsparks
michelle-sparks instagram,Follow Michelle Sparks on Instagram: https://instagram.com/mlsparks
michelle-sparks twitch,Follow Michelle Sparks on Twitch: https://twitch.tv/MichelleSparks
michelle-sparks soundcloud,Follow Michelle Sparks on Soundcloud: https://soundcloud.com/mssparks
michelle-sparks spotify,Follow Michelle Sparks on Spotify: https://open.spotify.com/artist/0g3jZzb2g2m4KoI5Mfsbux
michelle-sparks ra,Michelle Sparks on Resident Advisor: https://www.residentadvisor.net/dj/michellesparks-us
michelle-sparks resident advisor,Michelle Sparks on Resident Advisor: https://www.residentadvisor.net/dj/michellesparks-us
michelle-sparks resident-advisor,Michelle Sparks on Resident Advisor: https://www.residentadvisor.net/dj/michellesparks-us
michelle-sparks beatport,Follow Michelle Sparks on Beatport: https://www.beatport.com/artist/michelle-sparks/387623
michelle-sparks mixcloud,Follow Michelle Sparks on Mixcloud: https://www.mixcloud.com/MichelleSparks/
hybrid mind facebook,Follow Hybrid Mind on Facebook: https://facebook.com/HybridMindMusic
hybrid mind twitter,Follow Hybrid Mind on Twitter: https://twitter.com/hybridmindmusic
hybrid mind instagram,Follow Hybrid Mind on Instagram: https://instagram.com/HybridMindMusic
hybrid mind twitch,Follow Hybrid Mind on Twitch: https://twitch.tv/HybridMindMusic
hybrid mind soundcloud,Follow Hybrid Mind on Soundcloud: https://soundcloud.com/HybridMind
hybrid mind spotify,Follow Hybrid Mind on Spotify: https://open.spotify.com/user/128376495
hybrid mind toneden,Follow Hybrid Mind on ToneDen: https://www.toneden.io/HybridMind
hybrid mind tone den,Follow Hybrid Mind on ToneDen: https://www.toneden.io/HybridMind
hybrid mind youtube,Follow Hybrid Mind on YouTube: https://www.youtube.com/channel/UCnMzttWzatWMo2rCEgsBcZg
hybrid-mind facebook,Follow Hybrid Mind on Facebook: https://facebook.com/HybridMindMusic
hybrid-mind twitter,Follow Hybrid Mind on Twitter: https://twitter.com/hybridmindmusic
hybrid-mind instagram,Follow Hybrid Mind on Instagram: https://instagram.com/HybridMindMusic
hybrid-mind twitch,Follow Hybrid Mind on Twitch: https://twitch.tv/HybridMindMusic
hybrid-mind soundcloud,Follow Hybrid Mind on Soundcloud: https://soundcloud.com/HybridMind
hybrid-mind spotify,Follow Hybrid Mind on Spotify: https://open.spotify.com/user/128376495
hybrid-mind toneden,Follow Hybrid Mind on ToneDen: https://www.toneden.io/HybridMind
hybrid-mind tone den,Follow Hybrid Mind on ToneDen: https://www.toneden.io/HybridMind
hybrid-mind youtube,Follow Hybrid Mind on YouTube: https://www.youtube.com/channel/UCnMzttWzatWMo2rCEgsBcZg
hybridmind facebook,Follow Hybrid Mind on Facebook: https://facebook.com/HybridMindMusic
hybridmind twitter,Follow Hybrid Mind on Twitter: https://twitter.com/hybridmindmusic
hybridmind instagram,Follow Hybrid Mind on Instagram: https://instagram.com/HybridMindMusic
hybridmind twitch,Follow Hybrid Mind on Twitch: https://twitch.tv/HybridMindMusic
hybridmind soundcloud,Follow Hybrid Mind on Soundcloud: https://soundcloud.com/HybridMind
hybridmind spotify,Follow Hybrid Mind on Spotify: https://open.spotify.com/user/128376495
hybridmind toneden,Follow Hybrid Mind on ToneDen: https://www.toneden.io/HybridMind
hybridmind tone den,Follow Hybrid Mind on ToneDen: https://www.toneden.io/HybridMind
hybridmind youtube,Follow Hybrid Mind on YouTube: https://www.youtube.com/channel/UCnMzttWzatWMo2rCEgsBcZg
mullen instagram,Follow Mullen on Instagram: https://instagram.com/mullen_az
mullen twitch,Follow Mullen on Twitch: https://twitch.tv/mMullen
xer0 instagram,Follow Xer0 on Instagram: https://instagram.com/_xer0_cool
xer0 twitch,Follow Xer0 on Twitch: https://twitch.tv/Xer0_Music
xero instagram,Follow Xer0 on Instagram: https://instagram.com/_xer0_cool
xero twitch,Follow Xer0 on Twitch: https://twitch.tv/Xer0_Music
circuit,"Circuit is forward thinking, modern, techno and electronic music. Consistently hosting numerous types of underground events throughout Phoenix, Arizona and the southwestern United States, Circuit continues to explore the multi faceted genre of techno to create a unique vibe for those interested in the deeper side of electronic music. Follow our Facebook and Instagram pages for more information on upcoming events."
circuit bio,"Circuit is forward thinking, modern, techno and electronic music. Consistently hosting numerous types of underground events throughout Phoenix, Arizona and the southwestern United States, Circuit continues to explore the multi faceted genre of techno to create a unique vibe for those interested in the deeper side of electronic music. Follow our Facebook and Instagram pages for more information on upcoming events."
circuit facebook,Follow Circuit on Facebook: https://facebook.com/CircuitAZ
circuit website,Visit Circuit's website: https://CircuitAZ.com
circuit twitter,Follow Circuit on Twitter: https://twitter.com/CircuitAZ
circuit instagram,Follow Circuit on Instagram: https://instagram.com/CircuitAZ
circuit twitch,Follow Circuit on Twitch: https://twitch.tv/CircuitAZ
circuit soundcloud,Follow Circuit on Soundcloud: https://soundcloud.com/CircuitAZ
circuit discord,Join Circuit's Discord server: https://discord.gg/8nmGRVw
circuit reddit,Follow Circuit on Reddit: https://reddit.com/r/CircuitAZ
circuit merch,Check out Circuit's merch: https://facebook.com/pg/CircuitAZ/shop/
bio,"Circuit is forward thinking, modern, techno and electronic music. Consistently hosting numerous types of underground events throughout Phoenix, Arizona and the southwestern United States, Circuit continues to explore the multi faceted genre of techno to create a unique vibe for those interested in the deeper side of electronic music. Follow our Facebook and Instagram pages for more information on upcoming events."
facebook,Follow Circuit on Facebook: https://facebook.com/CircuitAZ
website,Visit Circuit's website: https://CircuitAZ.com
twitter,Follow Circuit on Twitter: https://twitter.com/CircuitAZ
instagram,Follow Circuit on Instagram: https://instagram.com/CircuitAZ
twitch,Follow Circuit on Twitch: https://twitch.tv/CircuitAZ
soundcloud,Follow Circuit is on Soundcloud: https://soundcloud.com/CircuitAZ
discord,Join Circuit's Discord server: https://discord.gg/8nmGRVw
reddit,Follow Circuit is on Reddit: https://reddit.com/r/CircuitAZ
merch,Check out Circuit's merch: https://facebook.com/pg/CircuitAZ/shop/
settimes,">>> SET TIMES (MST) >>>              Mullen 8pm, Deana Sophia 9pm, Michelle Sparks 10pm **** TEST"
juheun youtube,Subscribe to Juheun on YouTube: https://youtube.com/channel/UCvw0NVU1ElouWrlrKBabv8A
treetime,Follow TreeTimeOfficial on Twitch: https://twitch.tv/TreeTimeOfficial
treetime twitch,Follow TreeTimeOfficial on Twitch: https://twitch.tv/TreeTimeOfficial
treetime ig,Follow TreeTimeOfficial on Instagram: https://instagram.com/TreeTimeOfficial
treetime instagram,Follow TreeTimeOfficial on Instagram: https://instagram.com/TreeTimeOfficial
ig,Follow Circuit on Instagram: https://instagram.com/CircuitAZ
juheun ig,Follow Juheun on Instagram: https://instagram.com/JuheunMusic
michelle ig,Follow Michelle Sparks on Instagram: https://instagram.com/mlsparks
hybrid mind ig,Follow Hybrid Mind on Instagram: https://instagram.com/HybridMindMusic
mullen ig,Follow Mullen on Instagram: https://instagram.com/mullen_az
xer0 ig,Follow Xer0 on Instagram: https://instagram.com/_xer0_cool
circuit ig,Follow Circuit on Instagram: https://instagram.com/CircuitAZ
